penetration,strategy,pv_enabled,volt_dev_mean,volt_min_pu,volt_violations,ev_peak_kw,ev_load_factor
0.2,G2V,True,0.02824327862936863,0.9313185425397194,80,680.7999999999988,0.22644927536231896
0.2,V2G,True,0.026745486473528587,0.9416093523256435,46,0.0,0.0
0.5,G2V,True,0.03065777655260507,0.9150493873053884,113,1605.800000000005,0.24807987711213464
0.5,V2G,True,0.026745486473528587,0.9416093523256435,46,0.0,0.0
0.8,G2V,True,0.03304430884549243,0.8979072557048546,142,2545.6000000000163,0.24890988372092962
0.8,V2G,True,0.026745486473528587,0.9416093523256435,46,0.0,0.0
