penetration,strategy,pv_enabled,volt_dev_mean,volt_min_pu,volt_violations,ev_peak_kw,ev_load_factor
0.2,G2V,True,0.02315753776053947,0.9313185425397194,66,680.7999999999988,0.22644927536231896
0.2,V2G,True,0.023232220265148717,0.9448788379689044,33,739.9999999999986,0.22479729729729728
0.5,G2V,True,0.02556122116776738,0.9150493873053884,99,1605.800000000005,0.24807987711213464
0.5,V2G,True,0.025595910768624632,0.9318506579238439,95,1850.000000000008,0.22155169206951766
0.8,G2V,True,0.02793802411381498,0.8979072557048546,125,2545.6000000000163,0.24890988372092962
0.8,V2G,True,0.02710274886722218,0.9140781557965829,102,2960.0000000000214,0.1875232780738208
