penetration,strategy,pv_enabled,volt_dev_mean,volt_min_pu,volt_violations,ev_peak_kw,ev_load_factor
0.2,G2V,True,0.023136620544089687,0.9314464431016573,66,673.3999999999988,0.2257326007326009
0.2,V2G,True,0.023318171574811735,0.9448788379689044,16,739.9999999999986,0.24144331489654403
0.5,G2V,True,0.025497208618853594,0.9151818315585604,99,1598.4000000000049,0.24517746913580196
0.5,V2G,True,0.02582538803631426,0.9318506579238439,87,1850.000000000008,0.23712152599716915
0.8,G2V,True,0.027850510916727616,0.89804481765003,123,2538.200000000016,0.24623420796890128
0.8,V2G,True,0.027576729644923137,0.9140781557965829,118,2960.0000000000214,0.20271376231027874
