penetration,strategy,pv_enabled,volt_dev_mean,volt_min_pu,volt_violations,ev_peak_kw,ev_load_factor
0.2,G2V,True,0.02289189366018033,0.931702140484878,65,658.5999999999989,0.19194756554307127
0.2,V2G,True,0.02308688897368103,0.9448788379689044,23,739.9999999999986,0.2072965228666043
0.5,G2V,True,0.024807828294958183,0.9166362173770017,88,1517.0000000000039,0.21158536585365811
0.5,V2G,True,0.025371915594158214,0.9318506579238439,65,1850.000000000008,0.21195856170929037
0.8,G2V,True,0.026730548309365245,0.9007871786974275,109,2390.2000000000144,0.2140092879256961
0.8,V2G,True,0.027745879654199657,0.9122807943424593,114,2960.0000000000214,0.2123506214492926
