penetration,strategy,pv_enabled,volt_dev_mean,volt_min_pu,volt_violations,ev_peak_kw,ev_load_factor
0.2,G2V,True,0.02289189366018033,0.931702140484878,65,658.5999999999989,0.19194756554307127
0.2,V2G,True,0.02274293039310129,0.9402121547594279,26,309.34987846459165,0.37606228998667285
0.5,G2V,True,0.024807828294958183,0.9166362173770017,88,1517.0000000000039,0.21158536585365811
0.5,V2G,True,0.023776855199494285,0.9423712108655852,32,740.0000000000013,0.30477607046884464
0.8,G2V,True,0.026730548309365245,0.9007871786974275,109,2390.2000000000144,0.2140092879256961
0.8,V2G,True,0.024710487730924897,0.9381286100659697,85,1184.0000000000066,0.2721071146135923
